{
    "units": [
        8,
        4
    ],
    "dropout": [
        0.2756550169725023,
        0.22257959549298373
    ],
    "n_layers": 2,
    "optimizer": "Adam",
    "learning_rate": 0.018229732076569135
}
